site,year,ktCO2e
7 Steel Manufacturing (UK) Ltd – Rod & Bar Mill,2026,39.11095999999999
7 Steel Manufacturing (UK) Ltd – Rod & Bar Mill,2027,37.723767615999996
7 Steel Manufacturing (UK) Ltd – Rod & Bar Mill,2028,36.23621864799988
7 Steel Manufacturing (UK) Ltd – Rod & Bar Mill,2029,2.0001111999999996
7 Steel Manufacturing (UK) Ltd – Rod & Bar Mill,2030,1.830214
7 Steel Manufacturing (UK) Ltd – Rod & Bar Mill,2031,1.7522284000000004
7 Steel Manufacturing (UK) Ltd – Rod & Bar Mill,2032,1.6742427999999998
7 Steel Manufacturing (UK) Ltd – Rod & Bar Mill,2033,1.5962571999999997
7 Steel Manufacturing (UK) Ltd – Rod & Bar Mill,2034,1.5182715999999998
7 Steel Manufacturing (UK) Ltd – Rod & Bar Mill,2035,1.440286
7 Steel Manufacturing (UK) Ltd – Rod & Bar Mill,2036,1.4147549999999929
Aberthaw Cement Plant,2026,250.28353440000004
Aberthaw Cement Plant,2027,257.0115864
Aberthaw Cement Plant,2028,251.78981251200003
Aberthaw Cement Plant,2029,243.76683612000002
Aberthaw Cement Plant,2030,235.74385972800002
Aberthaw Cement Plant,2031,227.23612488
Aberthaw Cement Plant,2032,218.72839003200002
Aberthaw Cement Plant,2033,210.220655184
Aberthaw Cement Plant,2034,201.71292033600005
Aberthaw Cement Plant,2035,184.69745064000003
Aberthaw Cement Plant,2036,184.69745064000003
Allied Glass Containers Ltd - Knottingley,2026,43.88567040000001
Allied Glass Containers Ltd - Knottingley,2027,43.88567040000001
Allied Glass Containers Ltd - Knottingley,2028,43.88567040000001
Allied Glass Containers Ltd - Knottingley,2029,43.88567040000001
Allied Glass Containers Ltd - Knottingley,2030,43.88567040000001
Allied Glass Containers Ltd - Knottingley,2031,43.73938483200001
Allied Glass Containers Ltd - Knottingley,2032,43.59309926400001
Allied Glass Containers Ltd - Knottingley,2033,43.446813696
Allied Glass Containers Ltd - Knottingley,2034,43.300528128
Allied Glass Containers Ltd - Knottingley,2035,43.15424256000001
Allied Glass Containers Ltd - Knottingley,2036,43.007956992000004
Archer Daniels Midland Erith Ltd,2026,67.44480768000001
Archer Daniels Midland Erith Ltd,2027,67.44480768000001
Archer Daniels Midland Erith Ltd,2028,67.44480768000001
Archer Daniels Midland Erith Ltd,2029,67.44480768000001
Archer Daniels Midland Erith Ltd,2030,67.44480768000003
Archer Daniels Midland Erith Ltd,2031,67.21998028800003
Archer Daniels Midland Erith Ltd,2032,66.99515289600002
Archer Daniels Midland Erith Ltd,2033,66.77032550400001
Archer Daniels Midland Erith Ltd,2034,66.54549811200002
Archer Daniels Midland Erith Ltd,2035,66.32067072000002
Archer Daniels Midland Erith Ltd,2036,66.09584332800002
Ardagh Glass - Headlands,2026,43.00591104000001
Ardagh Glass - Headlands,2027,43.00591104000001
Ardagh Glass - Headlands,2028,43.00591104000001
Ardagh Glass - Headlands,2029,43.00591104000001
Ardagh Glass - Headlands,2030,43.005911040000015
Ardagh Glass - Headlands,2031,42.86254284800001
Ardagh Glass - Headlands,2032,42.719174656000014
Ardagh Glass - Headlands,2033,42.57580646400001
Ardagh Glass - Headlands,2034,42.432438272
Ardagh Glass - Headlands,2035,42.289070080000016
Ardagh Glass - Headlands,2036,42.145701888000005
Ardagh Glass - Wheatley,2026,111.75444480000002
Ardagh Glass - Wheatley,2027,111.75444480000002
Ardagh Glass - Wheatley,2028,111.75444480000002
Ardagh Glass - Wheatley,2029,111.75444480000002
Ardagh Glass - Wheatley,2030,111.75444480000003
Ardagh Glass - Wheatley,2031,111.38192998400001
Ardagh Glass - Wheatley,2032,111.00941516800002
Ardagh Glass - Wheatley,2033,110.636900352
Ardagh Glass - Wheatley,2034,110.264385536
Ardagh Glass - Wheatley,2035,109.89187072000003
Ardagh Glass - Wheatley,2036,109.51935590400001
Ardagh Glass Limited,2026,66.87194112000002
Ardagh Glass Limited,2027,66.87194112000002
Ardagh Glass Limited,2028,66.87194112000002
Ardagh Glass Limited,2029,66.87194112000002
Ardagh Glass Limited,2030,66.87194112000002
Ardagh Glass Limited,2031,66.64902707200001
Ardagh Glass Limited,2032,66.42611302400002
Ardagh Glass Limited,2033,66.203198976
Ardagh Glass Limited,2034,65.980284928
Ardagh Glass Limited,2035,65.75737088000001
Ardagh Glass Limited,2036,65.53445683200002
Ardagh Glass Ltd,2026,119.20227840000001
Ardagh Glass Ltd,2027,119.20227840000001
Ardagh Glass Ltd,2028,119.20227840000001
Ardagh Glass Ltd,2029,119.20227840000001
Ardagh Glass Ltd,2030,119.20227840000003
Ardagh Glass Ltd,2031,118.80492800000002
Ardagh Glass Ltd,2032,118.4075776
Ardagh Glass Ltd,2033,118.01022719999999
Ardagh Glass Ltd,2034,117.6128768
Ardagh Glass Ltd,2035,117.2155264
Ardagh Glass Ltd,2036,116.81817600000001
Barrow Mill,2026,33.25808640000001
Barrow Mill,2027,33.25808640000001
Barrow Mill,2028,33.25808640000001
Barrow Mill,2029,33.25808640000001
Barrow Mill,2030,33.25808640000001
Barrow Mill,2031,33.147226112000006
Barrow Mill,2032,33.03636582400001
Barrow Mill,2033,32.925505535999996
Barrow Mill,2034,32.814645248000005
Barrow Mill,2035,32.70378496000001
Barrow Mill,2036,32.592924672
Beatson Clark plc - Rotherham,2026,46.14133248000001
Beatson Clark plc - Rotherham,2027,46.14133248000001
Beatson Clark plc - Rotherham,2028,46.14133248000001
Beatson Clark plc - Rotherham,2029,46.14133248000001
Beatson Clark plc - Rotherham,2030,46.14133248000001
Beatson Clark plc - Rotherham,2031,45.98752614400001
Beatson Clark plc - Rotherham,2032,45.83371980800001
Beatson Clark plc - Rotherham,2033,45.679913471999996
Beatson Clark plc - Rotherham,2034,45.526107136
Beatson Clark plc - Rotherham,2035,45.37230080000001
Beatson Clark plc - Rotherham,2036,45.21849446400001
Billingham Fertilizer Works,2026,34.1617152
Billingham Fertilizer Works,2027,34.1617152
Billingham Fertilizer Works,2028,34.1617152
Billingham Fertilizer Works,2029,34.1617152
Billingham Fertilizer Works,2030,34.16171520000001
Billingham Fertilizer Works,2031,34.047842816000006
Billingham Fertilizer Works,2032,33.93397043200001
Billingham Fertilizer Works,2033,33.820098048
Billingham Fertilizer Works,2034,33.706225664
Billingham Fertilizer Works,2035,33.592353280000005
Billingham Fertilizer Works,2036,33.478480896
Bones Lane Factory,2026,42.59160576000001
Bones Lane Factory,2027,42.59160576000001
Bones Lane Factory,2028,42.59160576000001
Bones Lane Factory,2029,42.59160576000001
Bones Lane Factory,2030,42.591605760000014
Bones Lane Factory,2031,42.449620480000014
Bones Lane Factory,2032,42.307635200000014
Bones Lane Factory,2033,42.16564992
Bones Lane Factory,2034,42.02366464000001
Bones Lane Factory,2035,41.881679360000014
Bones Lane Factory,2036,41.739694080000014
Bridgend Operation,2026,43.13889792000001
Bridgend Operation,2027,43.13889792000001
Bridgend Operation,2028,43.13889792000001
Bridgend Operation,2029,43.13889792000001
Bridgend Operation,2030,43.13889792000001
Bridgend Operation,2031,42.99509401600002
Bridgend Operation,2032,42.851290112000015
Bridgend Operation,2033,42.707486208000006
Bridgend Operation,2034,42.563682304000004
Bridgend Operation,2035,42.419878400000016
Bridgend Operation,2036,42.276074496000014
British Sugar plc - Newark,2026,93.22891776000002
British Sugar plc - Newark,2027,93.22891776000002
British Sugar plc - Newark,2028,93.22891776000002
British Sugar plc - Newark,2029,93.22891776000002
British Sugar plc - Newark,2030,93.22891776000003
British Sugar plc - Newark,2031,92.91814144000003
British Sugar plc - Newark,2032,92.60736512000003
British Sugar plc - Newark,2033,92.29658880000001
British Sugar plc - Newark,2034,91.98581248
British Sugar plc - Newark,2035,91.67503616000003
British Sugar plc - Newark,2036,91.36425984000002
Bury St Edmunds Sugar Factory,2026,227.526912
Bury St Edmunds Sugar Factory,2027,227.526912
Bury St Edmunds Sugar Factory,2028,227.526912
Bury St Edmunds Sugar Factory,2029,227.526912
Bury St Edmunds Sugar Factory,2030,227.52691200000004
Bury St Edmunds Sugar Factory,2031,226.76848896
Bury St Edmunds Sugar Factory,2032,226.01006592000005
Bury St Edmunds Sugar Factory,2033,225.25164288
Bury St Edmunds Sugar Factory,2034,224.49321984000002
Bury St Edmunds Sugar Factory,2035,223.73479680000003
Bury St Edmunds Sugar Factory,2036,222.97637376000003
Cantley Sugar Factory,2026,42.325632000000006
Cantley Sugar Factory,2027,42.325632000000006
Cantley Sugar Factory,2028,42.325632000000006
Cantley Sugar Factory,2029,42.325632000000006
Cantley Sugar Factory,2030,42.32563200000001
Cantley Sugar Factory,2031,42.184537088000006
Cantley Sugar Factory,2032,42.04344217600001
Cantley Sugar Factory,2033,41.902347264
Cantley Sugar Factory,2034,41.761252352
Cantley Sugar Factory,2035,41.62015744000001
Cantley Sugar Factory,2036,41.479062528000014
Cargill - Trafford Park,2026,116.43740160000002
Cargill - Trafford Park,2027,116.43740160000002
Cargill - Trafford Park,2028,116.43740160000002
Cargill - Trafford Park,2029,116.43740160000002
Cargill - Trafford Park,2030,116.43740160000003
Cargill - Trafford Park,2031,116.04927692800003
Cargill - Trafford Park,2032,115.66115225600004
Cargill - Trafford Park,2033,115.273027584
Cargill - Trafford Park,2034,114.88490291200002
Cargill - Trafford Park,2035,114.49677824000003
Cargill - Trafford Park,2036,114.10865356800001
Cauldon Cement,2026,518.9042880000001
Cauldon Cement,2027,532.853328
Cauldon Cement,2028,522.1227742080001
Cauldon Cement,2029,505.485598512
Cauldon Cement,2030,488.8484228160001
Cauldon Cement,2031,471.2062140000001
Cauldon Cement,2032,453.5640051840001
Cauldon Cement,2033,435.92179636800006
Cauldon Cement,2034,418.2795875520001
Cauldon Cement,2035,382.9951699200001
Cauldon Cement,2036,382.9951699200001
Cookstown Cement,2026,234.61236480000002
Cookstown Cement,2027,240.91914880000004
Cookstown Cement,2028,236.065333952
Cookstown Cement,2029,228.543241072
Cookstown Cement,2030,221.02114819200006
Cookstown Cement,2031,213.04464936000005
Cookstown Cement,2032,205.06815052800002
Cookstown Cement,2033,197.09165169599999
Cookstown Cement,2034,189.115152864
Cookstown Cement,2035,173.16215520000006
Cookstown Cement,2036,173.16215520000006
DSM Dalry,2026,57.91578624000002
DSM Dalry,2027,57.91578624000002
DSM Dalry,2028,57.91578624000002
DSM Dalry,2029,57.91578624000002
DSM Dalry,2030,57.915786240000024
DSM Dalry,2031,57.72272793600001
DSM Dalry,2032,57.529669632000015
DSM Dalry,2033,57.336611328000004
DSM Dalry,2034,57.143553024000006
DSM Dalry,2035,56.95049472000003
DSM Dalry,2036,56.75743641600002
Desford,2026,36.75552768000001
Desford,2027,36.75552768000001
Desford,2028,36.75552768000001
Desford,2029,36.75552768000001
Desford,2030,36.75552768000001
Desford,2031,36.632997888000006
Desford,2032,36.51046809600001
Desford,2033,36.387938304
Desford,2034,36.265408512
Desford,2035,36.14287872000001
Desford,2036,36.020348928
Dow Silicone Manufacturing Installation,2026,131.2364544
Dow Silicone Manufacturing Installation,2027,131.2364544
Dow Silicone Manufacturing Installation,2028,131.2364544
Dow Silicone Manufacturing Installation,2029,131.2364544
Dow Silicone Manufacturing Installation,2030,131.23645440000004
Dow Silicone Manufacturing Installation,2031,130.79899955200003
Dow Silicone Manufacturing Installation,2032,130.36154470400004
Dow Silicone Manufacturing Installation,2033,129.924089856
Dow Silicone Manufacturing Installation,2034,129.486635008
Dow Silicone Manufacturing Installation,2035,129.04918016000002
Dow Silicone Manufacturing Installation,2036,128.611725312
Dunbar Plant,2026,382.9357584
Dunbar Plant,2027,393.22973040000005
Dunbar Plant,2028,372.3140838720001
Dunbar Plant,2029,373.05576808800015
Dunbar Plant,2030,360.77719579200004
Dunbar Plant,2031,347.75693928000004
Dunbar Plant,2032,334.736682768
Dunbar Plant,2033,321.716426256
Dunbar Plant,2034,286.34976984000065
Dunbar Plant,2035,282.6556567200001
Dunbar Plant,2036,282.65565672
ETEX Building Performance Limited – Portbury Site,2026,67.2436224
ETEX Building Performance Limited – Portbury Site,2027,67.2436224
ETEX Building Performance Limited – Portbury Site,2028,67.2436224
ETEX Building Performance Limited – Portbury Site,2029,67.2436224
ETEX Building Performance Limited – Portbury Site,2030,67.24362240000002
ETEX Building Performance Limited – Portbury Site,2031,67.01947699200001
ETEX Building Performance Limited – Portbury Site,2032,66.79533158400001
ETEX Building Performance Limited – Portbury Site,2033,66.57118617600001
ETEX Building Performance Limited – Portbury Site,2034,66.347040768
ETEX Building Performance Limited – Portbury Site,2035,66.12289536000002
ETEX Building Performance Limited – Portbury Site,2036,65.89874995200002
East Leake Gypsum Works,2026,66.59005440000001
East Leake Gypsum Works,2027,66.59005440000001
East Leake Gypsum Works,2028,66.59005440000001
East Leake Gypsum Works,2029,66.59005440000001
East Leake Gypsum Works,2030,66.59005440000001
East Leake Gypsum Works,2031,66.368087552
East Leake Gypsum Works,2032,66.14612070400001
East Leake Gypsum Works,2033,65.924153856
East Leake Gypsum Works,2034,65.702187008
East Leake Gypsum Works,2035,65.48022016000002
East Leake Gypsum Works,2036,65.25825331200001
Eastham Refinery Limited,2026,34.5709056
Eastham Refinery Limited,2027,34.5709056
Eastham Refinery Limited,2028,34.5709056
Eastham Refinery Limited,2029,34.5709056
Eastham Refinery Limited,2030,34.5709056
Eastham Refinery Limited,2031,34.455669248
Eastham Refinery Limited,2032,34.340432896
Eastham Refinery Limited,2033,34.225196544
Eastham Refinery Limited,2034,34.109960192
Eastham Refinery Limited,2035,33.994723840000006
Eastham Refinery Limited,2036,33.879487488
Elanco AH UK Speke,2026,41.52714240000001
Elanco AH UK Speke,2027,41.52714240000001
Elanco AH UK Speke,2028,41.52714240000001
Elanco AH UK Speke,2029,41.52714240000001
Elanco AH UK Speke,2030,41.52714240000002
Elanco AH UK Speke,2031,41.38871859200001
Elanco AH UK Speke,2032,41.25029478400001
Elanco AH UK Speke,2033,41.111870976000006
Elanco AH UK Speke,2034,40.973447168
Elanco AH UK Speke,2035,40.83502336000001
Elanco AH UK Speke,2036,40.696599552
Encirc Glass,2026,194.9508096
Encirc Glass,2027,194.9508096
Encirc Glass,2028,194.9508096
Encirc Glass,2029,194.9508096
Encirc Glass,2030,194.95080960000004
Encirc Glass,2031,194.30097356800005
Encirc Glass,2032,193.65113753600002
Encirc Glass,2033,193.001301504
Encirc Glass,2034,192.351465472
Encirc Glass,2035,191.70162944000003
Encirc Glass,2036,191.05179340800004
Encirc Limited,2026,82.24727040000002
Encirc Limited,2027,82.24727040000002
Encirc Limited,2028,82.24727040000002
Encirc Limited,2029,82.24727040000002
Encirc Limited,2030,82.24727040000002
Encirc Limited,2031,81.97311283200001
Encirc Limited,2032,81.69895526400003
Encirc Limited,2033,81.42479769600001
Encirc Limited,2034,81.150640128
Encirc Limited,2035,80.87648256000001
Encirc Limited,2036,80.60232499200002
Essity UK Limited - Prudhoe Mill,2026,43.30598400000001
Essity UK Limited - Prudhoe Mill,2027,43.30598400000001
Essity UK Limited - Prudhoe Mill,2028,43.30598400000001
Essity UK Limited - Prudhoe Mill,2029,43.30598400000001
Essity UK Limited - Prudhoe Mill,2030,43.30598400000001
Essity UK Limited - Prudhoe Mill,2031,43.161630720000005
Essity UK Limited - Prudhoe Mill,2032,43.01727744000001
Essity UK Limited - Prudhoe Mill,2033,42.872924160000004
Essity UK Limited - Prudhoe Mill,2034,42.72857088000001
Essity UK Limited - Prudhoe Mill,2035,42.58421760000001
Essity UK Limited - Prudhoe Mill,2036,42.439864320000005
Esso Petroleum Company Limited,2026,2516.9187840000004
Esso Petroleum Company Limited,2027,2516.9187840000004
Esso Petroleum Company Limited,2028,2516.9187840000004
Esso Petroleum Company Limited,2029,2516.9187840000004
Esso Petroleum Company Limited,2030,2516.9187840000004
Esso Petroleum Company Limited,2031,2508.52905472
Esso Petroleum Company Limited,2032,2500.1393254400004
Esso Petroleum Company Limited,2033,2491.74959616
Esso Petroleum Company Limited,2034,2483.35986688
Esso Petroleum Company Limited,2035,2474.9701376000003
Esso Petroleum Company Limited,2036,2466.5804083200005
Fawley Chemicals,2026,39.190210560000004
Fawley Chemicals,2027,39.190210560000004
Fawley Chemicals,2028,39.190210560000004
Fawley Chemicals,2029,39.190210560000004
Fawley Chemicals,2030,39.19021056000001
Fawley Chemicals,2031,39.05957273600001
Fawley Chemicals,2032,38.92893491200001
Fawley Chemicals,2033,38.798297088
Fawley Chemicals,2034,38.667659264
Fawley Chemicals,2035,38.53702144000001
Fawley Chemicals,2036,38.406383616
Fawley Refinery,2026,564.682752
Fawley Refinery,2027,564.682752
Fawley Refinery,2028,564.682752
Fawley Refinery,2029,564.682752
Fawley Refinery,2030,564.6827520000002
Fawley Refinery,2031,562.80047616
Fawley Refinery,2032,560.9182003200001
Fawley Refinery,2033,559.03592448
Fawley Refinery,2034,557.15364864
Fawley Refinery,2035,555.2713728000001
Fawley Refinery,2036,553.3890969600001
Fife Ethylene Plant,2026,623.1685632000001
Fife Ethylene Plant,2027,623.1685632000001
Fife Ethylene Plant,2028,623.1685632000001
Fife Ethylene Plant,2029,623.1685632000001
Fife Ethylene Plant,2030,623.1685632000001
Fife Ethylene Plant,2031,621.0913346560001
Fife Ethylene Plant,2032,619.014106112
Fife Ethylene Plant,2033,616.9368775679999
Fife Ethylene Plant,2034,614.859649024
Fife Ethylene Plant,2035,612.7824204800002
Fife Ethylene Plant,2036,610.7051919360001
Grangemouth Chemicals,2026,374.67632640000005
Grangemouth Chemicals,2027,374.67632640000005
Grangemouth Chemicals,2028,374.67632640000005
Grangemouth Chemicals,2029,374.67632640000005
Grangemouth Chemicals,2030,374.6763264000001
Grangemouth Chemicals,2031,373.4274053120001
Grangemouth Chemicals,2032,372.17848422400004
Grangemouth Chemicals,2033,370.92956313599996
Grangemouth Chemicals,2034,369.680642048
Grangemouth Chemicals,2035,368.43172096000006
Grangemouth Chemicals,2036,367.18279987200003
Grangemouth Refining,2026,132.34467840000002
Grangemouth Refining,2027,132.34467840000002
Grangemouth Refining,2028,132.34467840000002
Grangemouth Refining,2029,132.34467840000002
Grangemouth Refining,2030,132.34467840000002
Grangemouth Refining,2031,131.90352947200003
Grangemouth Refining,2032,131.46238054400004
Grangemouth Refining,2033,131.02123161600002
Grangemouth Refining,2034,130.58008268800003
Grangemouth Refining,2035,130.13893376000004
Grangemouth Refining,2036,129.69778483200002
Guardian Industries UK Limited,2026,96.88605696000002
Guardian Industries UK Limited,2027,96.88605696000002
Guardian Industries UK Limited,2028,96.88605696000002
Guardian Industries UK Limited,2029,96.88605696000002
Guardian Industries UK Limited,2030,96.88605696000003
Guardian Industries UK Limited,2031,96.56309964800003
Guardian Industries UK Limited,2032,96.24014233600005
Guardian Industries UK Limited,2033,95.91718502400002
Guardian Industries UK Limited,2034,95.594227712
Guardian Industries UK Limited,2035,95.27127040000003
Guardian Industries UK Limited,2036,94.94831308800002
Hindlow Lime,2026,156.88871424
Hindlow Lime,2027,156.88871424
Hindlow Lime,2028,156.88871424
Hindlow Lime,2029,156.88871424
Hindlow Lime,2030,156.88871424000004
Hindlow Lime,2031,156.36574617600004
Hindlow Lime,2032,155.84277811200005
Hindlow Lime,2033,155.31981004799997
Hindlow Lime,2034,154.796841984
Hindlow Lime,2035,154.27387392000006
Hindlow Lime,2036,153.75090585600003
Hope Cement Works,2026,773.6745888
Hope Cement Works,2027,794.4722928
Hope Cement Works,2028,778.4455916160001
Hope Cement Works,2029,753.6409267680001
Hope Cement Works,2030,728.8362619200001
Hope Cement Works,2031,702.5331153600001
Hope Cement Works,2032,676.2299688
Hope Cement Works,2033,649.9268222400001
Hope Cement Works,2034,623.6236756800002
Hope Cement Works,2035,571.0173825600001
Hope Cement Works,2036,571.0173825600002
Humber Refinery,2026,2112.7977984000004
Humber Refinery,2027,2112.7977984000004
Humber Refinery,2028,2112.7977984000004
Humber Refinery,2029,2112.7977984000004
Humber Refinery,2030,2112.797798400001
Humber Refinery,2031,2105.7551390720005
Humber Refinery,2032,2098.7124797440006
Humber Refinery,2033,2091.6698204159998
Humber Refinery,2034,2084.6271610880003
Humber Refinery,2035,2077.5845017600004
Humber Refinery,2036,2070.5418424320005
INOVYN Chlorvinyls Newton Aycliffe,2026,36.53729280000001
INOVYN Chlorvinyls Newton Aycliffe,2027,36.53729280000001
INOVYN Chlorvinyls Newton Aycliffe,2028,36.53729280000001
INOVYN Chlorvinyls Newton Aycliffe,2029,36.53729280000001
INOVYN Chlorvinyls Newton Aycliffe,2030,36.53729280000001
INOVYN Chlorvinyls Newton Aycliffe,2031,36.41550182400001
INOVYN Chlorvinyls Newton Aycliffe,2032,36.29371084800001
INOVYN Chlorvinyls Newton Aycliffe,2033,36.171919872000004
INOVYN Chlorvinyls Newton Aycliffe,2034,36.050128896
INOVYN Chlorvinyls Newton Aycliffe,2035,35.92833792000001
INOVYN Chlorvinyls Newton Aycliffe,2036,35.806546944000004
Ibstock Brick Limited - Leicester,2026,45.62984448
Ibstock Brick Limited - Leicester,2027,45.62984448
Ibstock Brick Limited - Leicester,2028,45.62984448
Ibstock Brick Limited - Leicester,2029,45.62984448
Ibstock Brick Limited - Leicester,2030,45.62984448000001
Ibstock Brick Limited - Leicester,2031,45.477743104000005
Ibstock Brick Limited - Leicester,2032,45.325641728000015
Ibstock Brick Limited - Leicester,2033,45.173540352
Ibstock Brick Limited - Leicester,2034,45.021438976
Ibstock Brick Limited - Leicester,2035,44.869337600000016
Ibstock Brick Limited - Leicester,2036,44.717236224000004
Ineos Acetyls Hull,2026,107.85235968000002
Ineos Acetyls Hull,2027,107.85235968000002
Ineos Acetyls Hull,2028,107.85235968000002
Ineos Acetyls Hull,2029,107.85235968000002
Ineos Acetyls Hull,2030,107.85235968000002
Ineos Acetyls Hull,2031,107.49284044800002
Ineos Acetyls Hull,2032,107.13332121600003
Ineos Acetyls Hull,2033,106.77380198399999
Ineos Acetyls Hull,2034,106.41428275200002
Ineos Acetyls Hull,2035,106.05476352000002
Ineos Acetyls Hull,2036,105.69524428800001
Jaguar Land Rover Limited Solihull,2026,50.64754176
Jaguar Land Rover Limited Solihull,2027,50.64754176
Jaguar Land Rover Limited Solihull,2028,50.64754176
Jaguar Land Rover Limited Solihull,2029,50.64754176
Jaguar Land Rover Limited Solihull,2030,50.64754176000001
Jaguar Land Rover Limited Solihull,2031,50.478712832000014
Jaguar Land Rover Limited Solihull,2032,50.30988390400001
Jaguar Land Rover Limited Solihull,2033,50.141054976
Jaguar Land Rover Limited Solihull,2034,49.972226048
Jaguar Land Rover Limited Solihull,2035,49.80339712000001
Jaguar Land Rover Limited Solihull,2036,49.634568192
KETTON WORKS,2026,435.15131520000006
KETTON WORKS,2027,446.84893120000004
KETTON WORKS,2028,437.8595137280001
KETTON WORKS,2029,423.9073084480001
KETTON WORKS,2030,409.7011820720001
KETTON WORKS,2031,395.1600806400001
KETTON WORKS,2032,380.3650581120001
KETTON WORKS,2033,365.57003558400004
KETTON WORKS,2034,350.77501305600003
KETTON WORKS,2035,321.1849680000001
KETTON WORKS,2036,321.1849680000001
Knauf Drywall Sittingbourne,2026,39.27659520000001
Knauf Drywall Sittingbourne,2027,39.27659520000001
Knauf Drywall Sittingbourne,2028,39.27659520000001
Knauf Drywall Sittingbourne,2029,39.27659520000001
Knauf Drywall Sittingbourne,2030,39.27659520000001
Knauf Drywall Sittingbourne,2031,39.14567321600001
Knauf Drywall Sittingbourne,2032,39.01475123200001
Knauf Drywall Sittingbourne,2033,38.883829248000005
Knauf Drywall Sittingbourne,2034,38.752907264
Knauf Drywall Sittingbourne,2035,38.62198528000002
Knauf Drywall Sittingbourne,2036,38.49106329600001
Knauf Immingham,2026,36.5600256
Knauf Immingham,2027,36.5600256
Knauf Immingham,2028,36.5600256
Knauf Immingham,2029,36.5600256
Knauf Immingham,2030,36.56002560000001
Knauf Immingham,2031,36.43815884800001
Knauf Immingham,2032,36.316292096000005
Knauf Immingham,2033,36.194425344
Knauf Immingham,2034,36.072558592
Knauf Immingham,2035,35.950691840000005
Knauf Immingham,2036,35.828825088
Knauf Insulation Queensferry,2026,34.9573632
Knauf Insulation Queensferry,2027,34.9573632
Knauf Insulation Queensferry,2028,34.9573632
Knauf Insulation Queensferry,2029,34.9573632
Knauf Insulation Queensferry,2030,34.95736320000001
Knauf Insulation Queensferry,2031,34.840838656
Knauf Insulation Queensferry,2032,34.72431411200001
Knauf Insulation Queensferry,2033,34.607789568
Knauf Insulation Queensferry,2034,34.491265024
Knauf Insulation Queensferry,2035,34.37474048000001
Knauf Insulation Queensferry,2036,34.258215936
Kronospan Ltd,2026,139.41116928000002
Kronospan Ltd,2027,139.41116928000002
Kronospan Ltd,2028,139.41116928000002
Kronospan Ltd,2029,139.41116928000002
Kronospan Ltd,2030,139.41116928000005
Kronospan Ltd,2031,138.94645401600002
Kronospan Ltd,2032,138.48173875200004
Kronospan Ltd,2033,138.017023488
Kronospan Ltd,2034,137.55230822400003
Kronospan Ltd,2035,137.08759296000002
Kronospan Ltd,2036,136.62287769600005
Lhoist UK Limited,2026,162.18716160000002
Lhoist UK Limited,2027,162.18716160000002
Lhoist UK Limited,2028,162.18716160000002
Lhoist UK Limited,2029,162.18716160000002
Lhoist UK Limited,2030,162.18716160000005
Lhoist UK Limited,2031,161.64653772800003
Lhoist UK Limited,2032,161.10591385600006
Lhoist UK Limited,2033,160.56528998400003
Lhoist UK Limited,2034,160.024666112
Lhoist UK Limited,2035,159.48404224000004
Lhoist UK Limited,2036,158.94341836800004
Lindsey Oil Refinery,2026,660.3707904
Lindsey Oil Refinery,2027,660.3707904
Lindsey Oil Refinery,2028,660.3707904
Lindsey Oil Refinery,2029,660.3707904
Lindsey Oil Refinery,2030,660.3707904000001
Lindsey Oil Refinery,2031,658.1695544320002
Lindsey Oil Refinery,2032,655.9683184640003
Lindsey Oil Refinery,2033,653.7670824960001
Lindsey Oil Refinery,2034,651.5658465280001
Lindsey Oil Refinery,2035,649.3646105600001
Lindsey Oil Refinery,2036,647.1633745920001
Llanwern Steelworks,2026,34.84768
Llanwern Steelworks,2027,33.553896550400005
Llanwern Steelworks,2028,32.23064993119999
Llanwern Steelworks,2029,1.7820895999999242
Llanwern Steelworks,2030,1.6307119999999307
Llanwern Steelworks,2031,1.5612271999999336
Llanwern Steelworks,2032,1.4917423999999364
Llanwern Steelworks,2033,1.4222575999999394
Llanwern Steelworks,2034,1.352772799999947
Llanwern Steelworks,2035,1.2832879999999454
Llanwern Steelworks,2036,1.2605399999999465
Lochaber Smelter,2026,49.55750400000001
Lochaber Smelter,2027,49.55750400000001
Lochaber Smelter,2028,49.55750400000001
Lochaber Smelter,2029,49.55750400000001
Lochaber Smelter,2030,49.557504000000016
Lochaber Smelter,2031,49.392312320018505
Lochaber Smelter,2032,49.22712064001439
Lochaber Smelter,2033,49.061928960002255
Lochaber Smelter,2034,48.89673727999918
Lochaber Smelter,2035,48.73154560000471
Lochaber Smelter,2036,48.566353920000005
Measham,2026,33.712174080000004
Measham,2027,33.712174080000004
Measham,2028,33.712174080000004
Measham,2029,33.712174080000004
Measham,2030,33.71217408000001
Measham,2031,33.599798272
Measham,2032,33.48742246400001
Measham,2033,33.375046656
Measham,2034,33.262670848000006
Measham,2035,33.15029504000001
Measham,2036,33.03791923200001
Melton Ross Limeworks,2026,219.9341568
Melton Ross Limeworks,2027,219.9341568
Melton Ross Limeworks,2028,219.9341568
Melton Ross Limeworks,2029,219.9341568
Melton Ross Limeworks,2030,219.93415680000004
Melton Ross Limeworks,2031,219.20104294400005
Melton Ross Limeworks,2032,218.46792908800003
Melton Ross Limeworks,2033,217.734815232
Melton Ross Limeworks,2034,217.00170137599997
Melton Ross Limeworks,2035,216.26858752000004
Melton Ross Limeworks,2036,215.53547366400005
Nissan Motor Manufacturing (UK) Ltd,2026,32.7579648
Nissan Motor Manufacturing (UK) Ltd,2027,32.7579648
Nissan Motor Manufacturing (UK) Ltd,2028,32.7579648
Nissan Motor Manufacturing (UK) Ltd,2029,32.7579648
Nissan Motor Manufacturing (UK) Ltd,2030,32.75796480000001
Nissan Motor Manufacturing (UK) Ltd,2031,32.64877158400001
Nissan Motor Manufacturing (UK) Ltd,2032,32.53957836800001
Nissan Motor Manufacturing (UK) Ltd,2033,32.430385152
Nissan Motor Manufacturing (UK) Ltd,2034,32.321191936
Nissan Motor Manufacturing (UK) Ltd,2035,32.211998720000004
Nissan Motor Manufacturing (UK) Ltd,2036,32.10280550400001
Norbord Cowie,2026,51.92114688
Norbord Cowie,2027,51.92114688
Norbord Cowie,2028,51.92114688
Norbord Cowie,2029,51.92114688
Norbord Cowie,2030,51.92114688000001
Norbord Cowie,2031,51.74807449600001
Norbord Cowie,2032,51.57500211200001
Norbord Cowie,2033,51.40192972799999
Norbord Cowie,2034,51.228857344
Norbord Cowie,2035,51.055784960000004
Norbord Cowie,2036,50.882712575999996
Novelis Latchford,2026,43.32814848000001
Novelis Latchford,2027,43.32814848000001
Novelis Latchford,2028,43.32814848000001
Novelis Latchford,2029,43.32814848000001
Novelis Latchford,2030,43.32814848000001
Novelis Latchford,2031,43.18371942400001
Novelis Latchford,2032,43.03929036800001
Novelis Latchford,2033,42.894861312
Novelis Latchford,2034,42.750432255999996
Novelis Latchford,2035,42.60600320000001
Novelis Latchford,2036,42.461574144000004
O-I Glass Limited,2026,60.85002240000001
O-I Glass Limited,2027,60.85002240000001
O-I Glass Limited,2028,60.85002240000001
O-I Glass Limited,2029,60.85002240000001
O-I Glass Limited,2030,60.850022400000014
O-I Glass Limited,2031,60.64718899200001
O-I Glass Limited,2032,60.444355584000014
O-I Glass Limited,2033,60.241522176
O-I Glass Limited,2034,60.03868876800001
O-I Glass Limited,2035,59.83585536000001
O-I Glass Limited,2036,59.63302195200001
Omega Proteins Limited,2026,50.090019840000004
Omega Proteins Limited,2027,50.090019840000004
Omega Proteins Limited,2028,50.090019840000004
Omega Proteins Limited,2029,50.090019840000004
Omega Proteins Limited,2030,50.09001984000001
Omega Proteins Limited,2031,49.923047424
Omega Proteins Limited,2032,49.75607500800001
Omega Proteins Limited,2033,49.589102592
Omega Proteins Limited,2034,49.422130176
Omega Proteins Limited,2035,49.25515776000001
Omega Proteins Limited,2036,49.08818534400001
Padeswood Works,2026,302.04391200000003
Padeswood Works,2027,310.16337200000004
Padeswood Works,2028,299.3529893199989
Padeswood Works,2029,294.270486872
Padeswood Works,2030,284.584933776
Padeswood Works,2031,274.3143708
Padeswood Works,2032,264.0438078240001
Padeswood Works,2033,253.77324484800002
Padeswood Works,2034,243.50268187200004
Padeswood Works,2035,222.96155592000002
Padeswood Works,2036,222.96155592000002
Palm Paper Ltd PM7 Newsprint Mill,2026,158.73007104
Palm Paper Ltd PM7 Newsprint Mill,2027,158.73007104
Palm Paper Ltd PM7 Newsprint Mill,2028,158.73007104
Palm Paper Ltd PM7 Newsprint Mill,2029,158.73007104
Palm Paper Ltd PM7 Newsprint Mill,2030,158.73007104000004
Palm Paper Ltd PM7 Newsprint Mill,2031,158.20096512000003
Palm Paper Ltd PM7 Newsprint Mill,2032,157.67185920000003
Palm Paper Ltd PM7 Newsprint Mill,2033,157.14275328
Palm Paper Ltd PM7 Newsprint Mill,2034,156.61364736
Palm Paper Ltd PM7 Newsprint Mill,2035,156.08454144000004
Palm Paper Ltd PM7 Newsprint Mill,2036,155.55543552000003
Partington Papermill,2026,163.08794880000002
Partington Papermill,2027,163.08794880000002
Partington Papermill,2028,163.08794880000002
Partington Papermill,2029,163.08794880000002
Partington Papermill,2030,163.08794880000005
Partington Papermill,2031,162.54431283200003
Partington Papermill,2032,162.00067686400004
Partington Papermill,2033,161.45704089600002
Partington Papermill,2034,160.913404928
Partington Papermill,2035,160.36976896000004
Partington Papermill,2036,159.82613299200003
Pilkington United Kingdom Limited - Greengate,2026,131.22508800000003
Pilkington United Kingdom Limited - Greengate,2027,131.22508800000003
Pilkington United Kingdom Limited - Greengate,2028,131.22508800000003
Pilkington United Kingdom Limited - Greengate,2029,131.22508800000003
Pilkington United Kingdom Limited - Greengate,2030,131.22508800000006
Pilkington United Kingdom Limited - Greengate,2031,130.78767103999448
Pilkington United Kingdom Limited - Greengate,2032,130.3502540799945
Pilkington United Kingdom Limited - Greengate,2033,129.91283711999444
Pilkington United Kingdom Limited - Greengate,2034,129.47542015999446
Pilkington United Kingdom Limited - Greengate,2035,129.03800320000005
Pilkington United Kingdom Limited - Greengate,2036,128.60058624
Plasmor Limited,2026,32.479488
Plasmor Limited,2027,32.479488
Plasmor Limited,2028,32.479488
Plasmor Limited,2029,32.479488
Plasmor Limited,2030,32.47948800000001
Plasmor Limited,2031,32.37122304000001
Plasmor Limited,2032,32.262958080000004
Plasmor Limited,2033,32.15469312
Plasmor Limited,2034,32.04642816
Plasmor Limited,2035,31.938163200000005
Plasmor Limited,2036,31.829898240000002
Port Talbot Steelworks,2026,157.315032
Port Talbot Steelworks,2027,184.29123071999996
Port Talbot Steelworks,2028,308.5319999999999
Port Talbot Steelworks,2029,284.376
Port Talbot Steelworks,2030,260.22
Port Talbot Steelworks,2031,249.13200000000003
Port Talbot Steelworks,2032,238.04399999999995
Port Talbot Steelworks,2033,226.95600000000002
Port Talbot Steelworks,2034,215.868
Port Talbot Steelworks,2035,204.78000000000006
Port Talbot Steelworks,2036,201.15000000000003
Port of Liverpool CHP,2026,154.02438144
Port of Liverpool CHP,2027,154.02438144
Port of Liverpool CHP,2028,154.02438144
Port of Liverpool CHP,2029,154.02438144
Port of Liverpool CHP,2030,154.02438144
Port of Liverpool CHP,2031,153.51096115200002
Port of Liverpool CHP,2032,152.99754086400003
Port of Liverpool CHP,2033,152.48412057599998
Port of Liverpool CHP,2034,151.970700288
Port of Liverpool CHP,2035,151.45728000000003
Port of Liverpool CHP,2036,150.943859712
Ribblesdale Works,2026,362.58274560000007
Ribblesdale Works,2027,372.3295936
Ribblesdale Works,2028,352.4618575520001
Ribblesdale Works,2029,353.1641212960001
Ribblesdale Works,2030,340.16948929600005
Ribblesdale Works,2031,329.2146463200001
Ribblesdale Works,2032,316.8887769600001
Ribblesdale Works,2033,304.5629076
Ribblesdale Works,2034,292.23703824000006
Ribblesdale Works,2035,267.5852995200001
Ribblesdale Works,2036,267.5852995200001
Robertsbridge Gypsum Works,2026,34.7982336
Robertsbridge Gypsum Works,2027,34.7982336
Robertsbridge Gypsum Works,2028,34.7982336
Robertsbridge Gypsum Works,2029,34.7982336
Robertsbridge Gypsum Works,2030,34.7982336
Robertsbridge Gypsum Works,2031,34.68223948800001
Robertsbridge Gypsum Works,2032,34.566245376000005
Robertsbridge Gypsum Works,2033,34.450251264
Robertsbridge Gypsum Works,2034,34.334257152
Robertsbridge Gypsum Works,2035,34.218263040000004
Robertsbridge Gypsum Works,2036,34.102268928
Rockwool Bridgend,2026,75.40356096000002
Rockwool Bridgend,2027,75.40356096000002
Rockwool Bridgend,2028,75.40356096000002
Rockwool Bridgend,2029,75.40356096000002
Rockwool Bridgend,2030,75.40356096000002
Rockwool Bridgend,2031,75.15221196800002
Rockwool Bridgend,2032,74.90086297600001
Rockwool Bridgend,2033,74.649513984
Rockwool Bridgend,2034,74.398164992
Rockwool Bridgend,2035,74.14681600000002
Rockwool Bridgend,2036,73.89546700800001
Rolls-Royce - Sinfin,2026,82.86105599999999
Rolls-Royce - Sinfin,2027,82.86105599999999
Rolls-Royce - Sinfin,2028,82.86105599999999
Rolls-Royce - Sinfin,2029,82.86105599999999
Rolls-Royce - Sinfin,2030,82.861056
Rolls-Royce - Sinfin,2031,82.58485248000001
Rolls-Royce - Sinfin,2032,82.30864896000001
Rolls-Royce - Sinfin,2033,82.03244544
Rolls-Royce - Sinfin,2034,81.75624192000001
Rolls-Royce - Sinfin,2035,81.48003840000001
Rolls-Royce - Sinfin,2036,81.20383488
Rugby Works,2026,748.9648608
Rugby Works,2027,769.0983248
Rugby Works,2028,753.5401565440001
Rugby Works,2029,729.5292540800001
Rugby Works,2030,705.5183516160001
Rugby Works,2031,680.0568261600001
Rugby Works,2032,654.595300704
Rugby Works,2033,629.1337752480001
Rugby Works,2034,603.6722497920001
Rugby Works,2035,552.7491988800002
Rugby Works,2036,552.7491988800002
Saint-Gobain Glass (United Kingdom) Limited,2026,93.0680832
Saint-Gobain Glass (United Kingdom) Limited,2027,93.0680832
Saint-Gobain Glass (United Kingdom) Limited,2028,93.0680832
Saint-Gobain Glass (United Kingdom) Limited,2029,93.0680832
Saint-Gobain Glass (United Kingdom) Limited,2030,93.06808320000002
Saint-Gobain Glass (United Kingdom) Limited,2031,92.75785625600003
Saint-Gobain Glass (United Kingdom) Limited,2032,92.44762931200002
Saint-Gobain Glass (United Kingdom) Limited,2033,92.137402368
Saint-Gobain Glass (United Kingdom) Limited,2034,91.827175424
Saint-Gobain Glass (United Kingdom) Limited,2035,91.51694848000002
Saint-Gobain Glass (United Kingdom) Limited,2036,91.20672153600002
Scunthorpe Integrated Iron & Steel Works,2026,3050.210016
Scunthorpe Integrated Iron & Steel Works,2027,2935.5054920703997
Scunthorpe Integrated Iron & Steel Works,2028,169.2400864
Scunthorpe Integrated Iron & Steel Works,2029,155.9897152
Scunthorpe Integrated Iron & Steel Works,2030,142.73934400000002
Scunthorpe Integrated Iron & Steel Works,2031,136.65720640000004
Scunthorpe Integrated Iron & Steel Works,2032,130.5750688
Scunthorpe Integrated Iron & Steel Works,2033,124.4929312
Scunthorpe Integrated Iron & Steel Works,2034,118.41079360000002
Scunthorpe Integrated Iron & Steel Works,2035,112.32865600000001
Scunthorpe Integrated Iron & Steel Works,2036,110.33748000000003
Selby Wheat Processing Facility,2026,105.12215040000001
Selby Wheat Processing Facility,2027,105.12215040000001
Selby Wheat Processing Facility,2028,105.12215040000001
Selby Wheat Processing Facility,2029,105.12215040000001
Selby Wheat Processing Facility,2030,105.12215040000002
Selby Wheat Processing Facility,2031,104.77174323200002
Selby Wheat Processing Facility,2032,104.42133606400003
Selby Wheat Processing Facility,2033,104.070928896
Selby Wheat Processing Facility,2034,103.72052172800001
Selby Wheat Processing Facility,2035,103.37011456000002
Selby Wheat Processing Facility,2036,103.01970739200002
Sellafield Site,2026,133.61771520000002
Sellafield Site,2027,133.61771520000002
Sellafield Site,2028,133.61771520000002
Sellafield Site,2029,133.61771520000002
Sellafield Site,2030,133.61771520000005
Sellafield Site,2031,133.17232281600005
Sellafield Site,2032,132.72693043200005
Sellafield Site,2033,132.28153804800002
Sellafield Site,2034,131.83614566400001
Sellafield Site,2035,131.39075328000004
Sellafield Site,2036,130.945360896
Shell UK Limited Fife NGL Plant,2026,118.42481664000003
Shell UK Limited Fife NGL Plant,2027,118.42481664000003
Shell UK Limited Fife NGL Plant,2028,118.42481664000003
Shell UK Limited Fife NGL Plant,2029,118.42481664000003
Shell UK Limited Fife NGL Plant,2030,118.42481664000005
Shell UK Limited Fife NGL Plant,2031,118.0300615679967
Shell UK Limited Fife NGL Plant,2032,117.63530649599672
Shell UK Limited Fife NGL Plant,2033,117.24055142399669
Shell UK Limited Fife NGL Plant,2034,116.8457963519967
Shell UK Limited Fife NGL Plant,2035,116.45104127999672
Shell UK Limited Fife NGL Plant,2036,116.05628620799669
Sherburn Gypsum Works,2026,33.302983680000004
Sherburn Gypsum Works,2027,33.302983680000004
Sherburn Gypsum Works,2028,33.302983680000004
Sherburn Gypsum Works,2029,33.302983680000004
Sherburn Gypsum Works,2030,33.30298368000001
Sherburn Gypsum Works,2031,33.19197184
Sherburn Gypsum Works,2032,33.08096000000001
Sherburn Gypsum Works,2033,32.96994816
Sherburn Gypsum Works,2034,32.858936320000005
Sherburn Gypsum Works,2035,32.74792448000001
Sherburn Gypsum Works,2036,32.636912640000006
Smurfit Westrock SSK,2026,62.529408000000004
Smurfit Westrock SSK,2027,62.529408000000004
Smurfit Westrock SSK,2028,62.529408000000004
Smurfit Westrock SSK,2029,62.529408000000004
Smurfit Westrock SSK,2030,62.52940800000001
Smurfit Westrock SSK,2031,62.32096716800001
Smurfit Westrock SSK,2032,62.11252633600001
Smurfit Westrock SSK,2033,61.90408550400001
Smurfit Westrock SSK,2034,61.695644672
Smurfit Westrock SSK,2035,61.48720384000002
Smurfit Westrock SSK,2036,61.278763008000006
Smurfit Westrock Townsend Hook,2026,76.84084224000001
Smurfit Westrock Townsend Hook,2027,76.84084224000001
Smurfit Westrock Townsend Hook,2028,76.84084224000001
Smurfit Westrock Townsend Hook,2029,76.84084224000001
Smurfit Westrock Townsend Hook,2030,76.84084224000003
Smurfit Westrock Townsend Hook,2031,76.58470041600003
Smurfit Westrock Townsend Hook,2032,76.32855859200002
Smurfit Westrock Townsend Hook,2033,76.072416768
Smurfit Westrock Townsend Hook,2034,75.81627494400001
Smurfit Westrock Townsend Hook,2035,75.56013312000003
Smurfit Westrock Townsend Hook,2036,75.30399129600004
Solutia UK Limited - Newport,2026,37.343738880000004
Solutia UK Limited - Newport,2027,37.343738880000004
Solutia UK Limited - Newport,2028,37.343738880000004
Solutia UK Limited - Newport,2029,37.343738880000004
Solutia UK Limited - Newport,2030,37.343738880000004
Solutia UK Limited - Newport,2031,37.21925785599999
Solutia UK Limited - Newport,2032,37.094776831999994
Solutia UK Limited - Newport,2033,36.970295807999996
Solutia UK Limited - Newport,2034,36.84581478399999
Solutia UK Limited - Newport,2035,36.72133375999999
Solutia UK Limited - Newport,2036,36.596852735999995
Stanlow Manufacturing Complex,2026,1749.4139904000003
Stanlow Manufacturing Complex,2027,1749.4139904000003
Stanlow Manufacturing Complex,2028,1749.4139904000003
Stanlow Manufacturing Complex,2029,1749.4139904000003
Stanlow Manufacturing Complex,2030,1749.4139904000003
Stanlow Manufacturing Complex,2031,1743.5826104320004
Stanlow Manufacturing Complex,2032,1737.7512304640004
Stanlow Manufacturing Complex,2033,1731.9198504960002
Stanlow Manufacturing Complex,2034,1726.088470528
Stanlow Manufacturing Complex,2035,1720.2570905600003
Stanlow Manufacturing Complex,2036,1714.4257105920003
Syngenta Limited,2026,56.207416320000014
Syngenta Limited,2027,56.207416320000014
Syngenta Limited,2028,56.207416320000014
Syngenta Limited,2029,56.207416320000014
Syngenta Limited,2030,56.20741632000002
Syngenta Limited,2031,56.02004121600002
Syngenta Limited,2032,55.83266611200002
Syngenta Limited,2033,55.64529100800001
Syngenta Limited,2034,55.457915904000004
Syngenta Limited,2035,55.27054080000002
Syngenta Limited,2036,55.08316569600001
Tata Steel Colors,2026,52.049088
Tata Steel Colors,2027,50.09390078719999
Tata Steel Colors,2028,48.1182466016
Tata Steel Colors,2029,2.6636551999999325
Tata Steel Colors,2030,2.4373940000000003
Tata Steel Colors,2031,2.333536399999941
Tata Steel Colors,2032,2.2296788
Tata Steel Colors,2033,2.125821199999946
Tata Steel Colors,2034,2.021963599999949
Tata Steel Colors,2035,1.9181059999999397
Tata Steel Colors,2036,1.8841049999999526
Tata Steel Packaging Plus UK,2026,37.5354
Tata Steel Packaging Plus UK,2027,36.129354559999996
Tata Steel Packaging Plus UK,2028,34.70431748
Tata Steel Packaging Plus UK,2029,1.9242776
Tata Steel Packaging Plus UK,2030,1.760822
Tata Steel Packaging Plus UK,2031,1.6857932000000002
Tata Steel Packaging Plus UK,2032,1.6107643999999999
Tata Steel Packaging Plus UK,2033,1.5357356
Tata Steel Packaging Plus UK,2034,1.4607067999999999
Tata Steel Packaging Plus UK,2035,1.385678
Tata Steel Packaging Plus UK,2036,1.361115
Tate and Lyle Sugars,2026,89.33422080000001
Tate and Lyle Sugars,2027,89.33422080000001
Tate and Lyle Sugars,2028,89.33422080000001
Tate and Lyle Sugars,2029,89.33422080000001
Tate and Lyle Sugars,2030,89.33422080000003
Tate and Lyle Sugars,2031,89.03644006400002
Tate and Lyle Sugars,2032,88.73865932800003
Tate and Lyle Sugars,2033,88.440878592
Tate and Lyle Sugars,2034,88.14309785600001
Tate and Lyle Sugars,2035,87.84531712000003
Tate and Lyle Sugars,2036,87.54753638400001
Teesside Beam Mill,2026,58.203039999999994
Teesside Beam Mill,2027,56.030933734399994
Teesside Beam Mill,2028,53.82124788320001
Teesside Beam Mill,2029,2.9764687999999997
Teesside Beam Mill,2030,2.723636
Teesside Beam Mill,2031,2.6075816
Teesside Beam Mill,2032,2.4915271999999997
Teesside Beam Mill,2033,2.3754728
Teesside Beam Mill,2034,2.2594184
Teesside Beam Mill,2035,2.143364
Teesside Beam Mill,2036,2.10537
Teesside Hydrogen Plant,2026,156.95520768000003
Teesside Hydrogen Plant,2027,156.95520768000003
Teesside Hydrogen Plant,2028,156.95520768000003
Teesside Hydrogen Plant,2029,156.95520768000003
Teesside Hydrogen Plant,2030,156.95520768000006
Teesside Hydrogen Plant,2031,156.43201228800004
Teesside Hydrogen Plant,2032,155.90881689600005
Teesside Hydrogen Plant,2033,155.385621504
Teesside Hydrogen Plant,2034,154.862426112
Teesside Hydrogen Plant,2035,154.33923072000005
Teesside Hydrogen Plant,2036,153.81603532800003
The Girvan Distillery,2026,66.76964352000002
The Girvan Distillery,2027,66.76964352000002
The Girvan Distillery,2028,66.76964352000002
The Girvan Distillery,2029,66.76964352000002
The Girvan Distillery,2030,66.76964352000002
The Girvan Distillery,2031,66.54707046400002
The Girvan Distillery,2032,66.32449740800001
The Girvan Distillery,2033,66.101924352
The Girvan Distillery,2034,65.87935129600001
The Girvan Distillery,2035,65.65677824000001
The Girvan Distillery,2036,65.434205184
The Lycra Company UK Limited,2026,44.1925632
The Lycra Company UK Limited,2027,44.1925632
The Lycra Company UK Limited,2028,44.1925632
The Lycra Company UK Limited,2029,44.1925632
The Lycra Company UK Limited,2030,44.19256320000001
The Lycra Company UK Limited,2031,44.045254656000004
The Lycra Company UK Limited,2032,43.897946112000014
The Lycra Company UK Limited,2033,43.750637567999995
The Lycra Company UK Limited,2034,43.603329024000004
The Lycra Company UK Limited,2035,43.45602048000001
The Lycra Company UK Limited,2036,43.308711936
Tronox Pigment - CHP Plant,2026,128.41190400000002
Tronox Pigment - CHP Plant,2027,128.41190400000002
Tronox Pigment - CHP Plant,2028,128.41190400000002
Tronox Pigment - CHP Plant,2029,128.41190400000002
Tronox Pigment - CHP Plant,2030,128.41190400000005
Tronox Pigment - CHP Plant,2031,127.98386432000004
Tronox Pigment - CHP Plant,2032,127.55582464000004
Tronox Pigment - CHP Plant,2033,127.12778496000001
Tronox Pigment - CHP Plant,2034,126.69974528000002
Tronox Pigment - CHP Plant,2035,126.27170560000005
Tronox Pigment - CHP Plant,2036,125.84366592000003
Tunstead Cement,2026,464.80298880000004
Tunstead Cement,2027,477.2976928000001
Tunstead Cement,2028,467.712609728
Tunstead Cement,2029,452.80908337600005
Tunstead Cement,2030,437.9055570240001
Tunstead Cement,2031,422.1017829600001
Tunstead Cement,2032,406.29800889600006
Tunstead Cement,2033,390.494234832
Tunstead Cement,2034,374.6904607680001
Tunstead Cement,2035,343.0829126400001
Tunstead Cement,2036,343.0829126400001
Tunstead Lime,2026,326.1702144000001
Tunstead Lime,2027,326.1702144000001
Tunstead Lime,2028,326.1702144000001
Tunstead Lime,2029,326.1702144000001
Tunstead Lime,2030,326.1702144000001
Tunstead Lime,2031,325.08298035200005
Tunstead Lime,2032,323.9957463040001
Tunstead Lime,2033,322.908512256
Tunstead Lime,2034,321.8212782080001
Tunstead Lime,2035,320.7340441600001
Tunstead Lime,2036,319.646810112
"Valero, Pembroke",2026,2596.2846720000007
"Valero, Pembroke",2027,2596.2846720000007
"Valero, Pembroke",2028,2596.2846720000007
"Valero, Pembroke",2029,2596.2846720000007
"Valero, Pembroke",2030,2596.2846720000007
"Valero, Pembroke",2031,2587.6303897600005
"Valero, Pembroke",2032,2578.976107520001
"Valero, Pembroke",2033,2570.32182528
"Valero, Pembroke",2034,2561.6675430400005
"Valero, Pembroke",2035,2553.0132608000004
"Valero, Pembroke",2036,2544.3589785599884
Venator Materials UK Limited,2026,75.43311360000001
Venator Materials UK Limited,2027,75.43311360000001
Venator Materials UK Limited,2028,75.43311360000001
Venator Materials UK Limited,2029,75.43311360000001
Venator Materials UK Limited,2030,75.43311360000001
Venator Materials UK Limited,2031,75.181669888
Venator Materials UK Limited,2032,74.93022617600002
Venator Materials UK Limited,2033,74.678782464
Venator Materials UK Limited,2034,74.427338752
Venator Materials UK Limited,2035,74.17589504000001
Venator Materials UK Limited,2036,73.924451328
Whittlesey,2026,48.3981312
Whittlesey,2027,48.3981312
Whittlesey,2028,48.39813119999874
Whittlesey,2029,48.3981312
Whittlesey,2030,48.39813120000001
Whittlesey,2031,48.236804096000014
Whittlesey,2032,48.075476992000006
Whittlesey,2033,47.914149888000004
Whittlesey,2034,47.752822784
Whittlesey,2035,47.591495680000016
Whittlesey,2036,47.43016857600001
Whitwell Works Lime Kiln Plant,2026,173.18983680000002
Whitwell Works Lime Kiln Plant,2027,173.18983680000002
Whitwell Works Lime Kiln Plant,2028,173.18983680000002
Whitwell Works Lime Kiln Plant,2029,173.18983680000002
Whitwell Works Lime Kiln Plant,2030,173.18983680000005
Whitwell Works Lime Kiln Plant,2031,172.61253734400006
Whitwell Works Lime Kiln Plant,2032,172.03523788800004
Whitwell Works Lime Kiln Plant,2033,171.45793843200002
Whitwell Works Lime Kiln Plant,2034,170.880638976
Whitwell Works Lime Kiln Plant,2035,170.30333952000004
Whitwell Works Lime Kiln Plant,2036,169.72604006400002
Wigton Boiler Plant,2026,70.70298624000002
Wigton Boiler Plant,2027,70.70298624000002
Wigton Boiler Plant,2028,70.70298624000002
Wigton Boiler Plant,2029,70.70298624000002
Wigton Boiler Plant,2030,70.70298624000002
Wigton Boiler Plant,2031,70.46730393600002
Wigton Boiler Plant,2032,70.23162163200001
Wigton Boiler Plant,2033,69.99593932799999
Wigton Boiler Plant,2034,69.76025702400001
Wigton Boiler Plant,2035,69.52457472000003
Wigton Boiler Plant,2036,69.28889241600002
Winnington Sodium Carbonate Manufacturing Site,2026,60.28170240000001
Winnington Sodium Carbonate Manufacturing Site,2027,60.28170240000001
Winnington Sodium Carbonate Manufacturing Site,2028,60.28170240000001
Winnington Sodium Carbonate Manufacturing Site,2029,60.28170240000001
Winnington Sodium Carbonate Manufacturing Site,2030,60.281702400000015
Winnington Sodium Carbonate Manufacturing Site,2031,60.08076339200001
Winnington Sodium Carbonate Manufacturing Site,2032,59.87982438400002
Winnington Sodium Carbonate Manufacturing Site,2033,59.678885376
Winnington Sodium Carbonate Manufacturing Site,2034,59.477946368
Winnington Sodium Carbonate Manufacturing Site,2035,59.27700736000001
Winnington Sodium Carbonate Manufacturing Site,2036,59.076068352
Wissington Sugar Factory,2026,321.88962816000003
Wissington Sugar Factory,2027,321.88962816000003
Wissington Sugar Factory,2028,321.88962816000003
Wissington Sugar Factory,2029,321.88962816000003
Wissington Sugar Factory,2030,321.8896281600001
Wissington Sugar Factory,2031,320.81665894400004
Wissington Sugar Factory,2032,319.7436897280001
Wissington Sugar Factory,2033,318.67072051199995
Wissington Sugar Factory,2034,317.59775129600007
Wissington Sugar Factory,2035,316.5247820800001
Wissington Sugar Factory,2036,315.45181286400003
dispersed_heat,2026,2563.123200000006
dispersed_heat,2027,2455.1424000000006
dispersed_heat,2028,2455.1424000000006
dispersed_heat,2029,2455.1424000000006
dispersed_heat,2030,2455.1424000000006
dispersed_heat,2031,2455.1424000000006
dispersed_heat,2032,2455.1424000000006
dispersed_heat,2033,2455.1424
dispersed_heat,2034,2455.1424000000006
dispersed_heat,2035,2455.1424000000006
dispersed_heat,2036,2455.1424000000006
dispersed_steel,2026,142.91255999999998
dispersed_steel,2027,142.91255999999998
dispersed_steel,2028,142.91255999999998
dispersed_steel,2029,142.91255999999998
dispersed_steel,2030,142.91255999999998
dispersed_steel,2031,142.91255999999998
dispersed_steel,2032,142.91255999999998
dispersed_steel,2033,142.91255999999998
dispersed_steel,2034,142.91255999999998
dispersed_steel,2035,142.91255999999998
dispersed_steel,2036,142.91255999999998
